﻿<?xml version="1.0" encoding="utf-8"?>
<?xml-stylesheet type="text/xsl" href="c:\program files (x86)\microsoft visual studio\2019\community\team tools\static analysis tools\fxcop\Xml\CodeAnalysisReport.xsl"?>
<FxCopReport Version="16.0">
 <Targets>
  <Target Name="D:\Repositories\AutoClicker\AutoClicker\bin\Release\AutoClicker.exe">
   <Modules>
    <Module Name="autoclicker.exe">
     <Namespaces>
      <Namespace Name="AutoClicker.Commands">
       <Types>
        <Type Name="MainWindowCommands" Kind="Class" Accessibility="Public" ExternallyVisible="True">
         <Members>
          <Member Name="#About" Kind="Field" Static="True" Accessibility="Public" ExternallyVisible="True">
           <Messages>
            <Message TypeName="DoNotDeclareReadOnlyMutableReferenceTypes" Category="Microsoft.Security" CheckId="CA2104" Status="Active" Created="2024-08-25 08:13:44Z" FixCategory="NonBreaking">
             <Issue Certainty="25" Level="Error">Remove the read-only designation from 'MainWindowCommands.About' or change the field to one that is an immutable reference type. If the reference type 'RoutedUICommand' is, in fact, immutable, exclude this message.</Issue>
            </Message>
           </Messages>
          </Member>
          <Member Name="#CaptureMouseScreenCoordinates" Kind="Field" Static="True" Accessibility="Public" ExternallyVisible="True">
           <Messages>
            <Message TypeName="DoNotDeclareReadOnlyMutableReferenceTypes" Category="Microsoft.Security" CheckId="CA2104" Status="Active" Created="2024-08-25 08:13:44Z" FixCategory="NonBreaking">
             <Issue Certainty="25" Level="Error">Remove the read-only designation from 'MainWindowCommands.CaptureMouseScreenCoordinates' or change the field to one that is an immutable reference type. If the reference type 'RoutedUICommand' is, in fact, immutable, exclude this message.</Issue>
            </Message>
           </Messages>
          </Member>
          <Member Name="#Exit" Kind="Field" Static="True" Accessibility="Public" ExternallyVisible="True">
           <Messages>
            <Message TypeName="DoNotDeclareReadOnlyMutableReferenceTypes" Category="Microsoft.Security" CheckId="CA2104" Status="Active" Created="2024-08-25 08:13:44Z" FixCategory="NonBreaking">
             <Issue Certainty="25" Level="Error">Remove the read-only designation from 'MainWindowCommands.Exit' or change the field to one that is an immutable reference type. If the reference type 'RoutedUICommand' is, in fact, immutable, exclude this message.</Issue>
            </Message>
           </Messages>
          </Member>
          <Member Name="#HotkeySettings" Kind="Field" Static="True" Accessibility="Public" ExternallyVisible="True">
           <Messages>
            <Message TypeName="DoNotDeclareReadOnlyMutableReferenceTypes" Category="Microsoft.Security" CheckId="CA2104" Status="Active" Created="2024-08-25 08:13:44Z" FixCategory="NonBreaking">
             <Issue Certainty="25" Level="Error">Remove the read-only designation from 'MainWindowCommands.HotkeySettings' or change the field to one that is an immutable reference type. If the reference type 'RoutedUICommand' is, in fact, immutable, exclude this message.</Issue>
            </Message>
           </Messages>
          </Member>
          <Member Name="#SaveSettings" Kind="Field" Static="True" Accessibility="Public" ExternallyVisible="True">
           <Messages>
            <Message TypeName="DoNotDeclareReadOnlyMutableReferenceTypes" Category="Microsoft.Security" CheckId="CA2104" Status="Active" Created="2024-08-25 08:13:44Z" FixCategory="NonBreaking">
             <Issue Certainty="25" Level="Error">Remove the read-only designation from 'MainWindowCommands.SaveSettings' or change the field to one that is an immutable reference type. If the reference type 'RoutedUICommand' is, in fact, immutable, exclude this message.</Issue>
            </Message>
           </Messages>
          </Member>
          <Member Name="#Start" Kind="Field" Static="True" Accessibility="Public" ExternallyVisible="True">
           <Messages>
            <Message TypeName="DoNotDeclareReadOnlyMutableReferenceTypes" Category="Microsoft.Security" CheckId="CA2104" Status="Active" Created="2024-08-25 08:13:44Z" FixCategory="NonBreaking">
             <Issue Certainty="25" Level="Error">Remove the read-only designation from 'MainWindowCommands.Start' or change the field to one that is an immutable reference type. If the reference type 'RoutedUICommand' is, in fact, immutable, exclude this message.</Issue>
            </Message>
           </Messages>
          </Member>
          <Member Name="#Stop" Kind="Field" Static="True" Accessibility="Public" ExternallyVisible="True">
           <Messages>
            <Message TypeName="DoNotDeclareReadOnlyMutableReferenceTypes" Category="Microsoft.Security" CheckId="CA2104" Status="Active" Created="2024-08-25 08:13:44Z" FixCategory="NonBreaking">
             <Issue Certainty="25" Level="Error">Remove the read-only designation from 'MainWindowCommands.Stop' or change the field to one that is an immutable reference type. If the reference type 'RoutedUICommand' is, in fact, immutable, exclude this message.</Issue>
            </Message>
           </Messages>
          </Member>
          <Member Name="#Toggle" Kind="Field" Static="True" Accessibility="Public" ExternallyVisible="True">
           <Messages>
            <Message TypeName="DoNotDeclareReadOnlyMutableReferenceTypes" Category="Microsoft.Security" CheckId="CA2104" Status="Active" Created="2024-08-25 08:13:44Z" FixCategory="NonBreaking">
             <Issue Certainty="25" Level="Error">Remove the read-only designation from 'MainWindowCommands.Toggle' or change the field to one that is an immutable reference type. If the reference type 'RoutedUICommand' is, in fact, immutable, exclude this message.</Issue>
            </Message>
           </Messages>
          </Member>
         </Members>
        </Type>
        <Type Name="SettingsWindowCommands" Kind="Class" Accessibility="Public" ExternallyVisible="True">
         <Members>
          <Member Name="#Reset" Kind="Field" Static="True" Accessibility="Public" ExternallyVisible="True">
           <Messages>
            <Message TypeName="DoNotDeclareReadOnlyMutableReferenceTypes" Category="Microsoft.Security" CheckId="CA2104" Status="Active" Created="2024-08-25 08:13:44Z" FixCategory="NonBreaking">
             <Issue Certainty="25" Level="Error">Remove the read-only designation from 'SettingsWindowCommands.Reset' or change the field to one that is an immutable reference type. If the reference type 'RoutedUICommand' is, in fact, immutable, exclude this message.</Issue>
            </Message>
           </Messages>
          </Member>
          <Member Name="#Save" Kind="Field" Static="True" Accessibility="Public" ExternallyVisible="True">
           <Messages>
            <Message TypeName="DoNotDeclareReadOnlyMutableReferenceTypes" Category="Microsoft.Security" CheckId="CA2104" Status="Active" Created="2024-08-25 08:13:44Z" FixCategory="NonBreaking">
             <Issue Certainty="25" Level="Error">Remove the read-only designation from 'SettingsWindowCommands.Save' or change the field to one that is an immutable reference type. If the reference type 'RoutedUICommand' is, in fact, immutable, exclude this message.</Issue>
            </Message>
           </Messages>
          </Member>
         </Members>
        </Type>
       </Types>
      </Namespace>
      <Namespace Name="AutoClicker.Models">
       <Types>
        <Type Name="HotkeySettings" Kind="Class" Accessibility="Public" ExternallyVisible="True">
         <Members>
          <Member Name="#defaultStartKeyMapping" Kind="Field" Static="True" Accessibility="Public" ExternallyVisible="True">
           <Messages>
            <Message TypeName="DoNotDeclareReadOnlyMutableReferenceTypes" Category="Microsoft.Security" CheckId="CA2104" Status="Active" Created="2024-08-25 08:13:44Z" FixCategory="NonBreaking">
             <Issue Certainty="25" Level="Error">Remove the read-only designation from 'HotkeySettings.defaultStartKeyMapping' or change the field to one that is an immutable reference type. If the reference type 'KeyMapping' is, in fact, immutable, exclude this message.</Issue>
            </Message>
           </Messages>
          </Member>
          <Member Name="#defaultStopKeyMapping" Kind="Field" Static="True" Accessibility="Public" ExternallyVisible="True">
           <Messages>
            <Message TypeName="DoNotDeclareReadOnlyMutableReferenceTypes" Category="Microsoft.Security" CheckId="CA2104" Status="Active" Created="2024-08-25 08:13:44Z" FixCategory="NonBreaking">
             <Issue Certainty="25" Level="Error">Remove the read-only designation from 'HotkeySettings.defaultStopKeyMapping' or change the field to one that is an immutable reference type. If the reference type 'KeyMapping' is, in fact, immutable, exclude this message.</Issue>
            </Message>
           </Messages>
          </Member>
          <Member Name="#defaultToggleKeyMapping" Kind="Field" Static="True" Accessibility="Public" ExternallyVisible="True">
           <Messages>
            <Message TypeName="DoNotDeclareReadOnlyMutableReferenceTypes" Category="Microsoft.Security" CheckId="CA2104" Status="Active" Created="2024-08-25 08:13:44Z" FixCategory="NonBreaking">
             <Issue Certainty="25" Level="Error">Remove the read-only designation from 'HotkeySettings.defaultToggleKeyMapping' or change the field to one that is an immutable reference type. If the reference type 'KeyMapping' is, in fact, immutable, exclude this message.</Issue>
            </Message>
           </Messages>
          </Member>
         </Members>
        </Type>
       </Types>
      </Namespace>
      <Namespace Name="AutoClicker.Utils">
       <Types>
        <Type Name="AssemblyUtils" Kind="Class" Accessibility="Public" ExternallyVisible="True">
         <Members>
          <Member Name="#GetProjectURL()" Kind="Method" Static="True" Accessibility="Public" ExternallyVisible="True">
           <Messages>
            <Message TypeName="UriReturnValuesShouldNotBeStrings" Category="Microsoft.Design" CheckId="CA1055" Status="Active" Created="2024-08-25 08:13:44Z" FixCategory="Breaking">
             <Issue Certainty="60" Level="Error" Path="D:\Repositories\AutoClicker\AutoClicker\Utils" File="AssemblyUtils.cs" Line="19">Change the return type of 'AssemblyUtils.GetProjectURL()' from string to System.Uri.</Issue>
            </Message>
           </Messages>
          </Member>
         </Members>
        </Type>
        <Type Name="Constants" Kind="Class" Accessibility="Public" ExternallyVisible="True">
         <Members>
          <Member Name="#ALL_HOTKEY_IDS" Kind="Field" Static="True" Accessibility="Public" ExternallyVisible="True">
           <Messages>
            <Message TypeName="DoNotDeclareReadOnlyMutableReferenceTypes" Category="Microsoft.Security" CheckId="CA2104" Status="Active" Created="2024-08-25 08:13:44Z" FixCategory="NonBreaking">
             <Issue Certainty="25" Level="Error">Remove the read-only designation from 'Constants.ALL_HOTKEY_IDS' or change the field to one that is an immutable reference type. If the reference type 'IEnumerable&lt;int&gt;' is, in fact, immutable, exclude this message.</Issue>
            </Message>
           </Messages>
          </Member>
          <Member Name="#MODIFIERS" Kind="Field" Static="True" Accessibility="Public" ExternallyVisible="True">
           <Messages>
            <Message TypeName="DoNotDeclareReadOnlyMutableReferenceTypes" Category="Microsoft.Security" CheckId="CA2104" Status="Active" Created="2024-08-25 08:13:44Z" FixCategory="NonBreaking">
             <Issue Certainty="25" Level="Error">Remove the read-only designation from 'Constants.MODIFIERS' or change the field to one that is an immutable reference type. If the reference type 'List&lt;int&gt;' is, in fact, immutable, exclude this message.</Issue>
            </Message>
           </Messages>
          </Member>
          <Member Name="#START_HOTKEY_IDS" Kind="Field" Static="True" Accessibility="Public" ExternallyVisible="True">
           <Messages>
            <Message TypeName="DoNotDeclareReadOnlyMutableReferenceTypes" Category="Microsoft.Security" CheckId="CA2104" Status="Active" Created="2024-08-25 08:13:44Z" FixCategory="NonBreaking">
             <Issue Certainty="25" Level="Error">Remove the read-only designation from 'Constants.START_HOTKEY_IDS' or change the field to one that is an immutable reference type. If the reference type 'IEnumerable&lt;int&gt;' is, in fact, immutable, exclude this message.</Issue>
            </Message>
           </Messages>
          </Member>
          <Member Name="#STOP_HOTKEY_IDS" Kind="Field" Static="True" Accessibility="Public" ExternallyVisible="True">
           <Messages>
            <Message TypeName="DoNotDeclareReadOnlyMutableReferenceTypes" Category="Microsoft.Security" CheckId="CA2104" Status="Active" Created="2024-08-25 08:13:44Z" FixCategory="NonBreaking">
             <Issue Certainty="25" Level="Error">Remove the read-only designation from 'Constants.STOP_HOTKEY_IDS' or change the field to one that is an immutable reference type. If the reference type 'IEnumerable&lt;int&gt;' is, in fact, immutable, exclude this message.</Issue>
            </Message>
           </Messages>
          </Member>
          <Member Name="#TOGGLE_HOTKEY_IDS" Kind="Field" Static="True" Accessibility="Public" ExternallyVisible="True">
           <Messages>
            <Message TypeName="DoNotDeclareReadOnlyMutableReferenceTypes" Category="Microsoft.Security" CheckId="CA2104" Status="Active" Created="2024-08-25 08:13:44Z" FixCategory="NonBreaking">
             <Issue Certainty="25" Level="Error">Remove the read-only designation from 'Constants.TOGGLE_HOTKEY_IDS' or change the field to one that is an immutable reference type. If the reference type 'IEnumerable&lt;int&gt;' is, in fact, immutable, exclude this message.</Issue>
            </Message>
           </Messages>
          </Member>
         </Members>
        </Type>
        <Type Name="KeyMappingUtils" Kind="Class" Accessibility="Public" ExternallyVisible="True">
         <Members>
          <Member Name="#KeyMapping" Kind="Property" Static="True" Accessibility="Public" ExternallyVisible="True">
           <Messages>
            <Message TypeName="CollectionPropertiesShouldBeReadOnly" Category="Microsoft.Usage" CheckId="CA2227" Status="Active" Created="2024-08-25 08:13:44Z" FixCategory="Breaking">
             <Issue Certainty="75" Level="Warning" Path="D:\Repositories\AutoClicker\AutoClicker\Utils" File="KeyMappingUtils.cs" Line="13">Change 'KeyMappingUtils.KeyMapping' to be read-only by removing the property setter.</Issue>
            </Message>
           </Messages>
          </Member>
         </Members>
        </Type>
        <Type Name="User32ApiUtils" Kind="Class" Accessibility="Public" ExternallyVisible="True">
         <Members>
          <Member Name="#DeregisterHotKey(System.IntPtr,System.Int32)" Kind="Method" Static="True" Accessibility="Assembly" ExternallyVisible="False">
           <Messages>
            <Message TypeName="MarkBooleanPInvokeArgumentsWithMarshalAs" Category="Microsoft.Interoperability" CheckId="CA1414" Status="Active" Created="2024-08-25 08:13:44Z" FixCategory="Breaking">
             <Issue Name="Return" Certainty="95" Level="Warning">Add the MarshalAsAttribute to the return type of P/Invoke 'User32ApiUtils.DeregisterHotKey(IntPtr, int)'. If the corresponding unmanaged return type is a 4-byte Win32 'BOOL', use MarshalAs(UnmanagedType.Bool). For a 1-byte C++ 'bool', use MarshalAs(UnmanagedType.U1).</Issue>
            </Message>
            <Message TypeName="MovePInvokesToNativeMethodsClass" Category="Microsoft.Design" CheckId="CA1060" Status="Active" Created="2024-08-25 08:13:44Z" FixCategory="Breaking">
             <Issue Certainty="95" Level="CriticalWarning">Because it is a P/Invoke method, 'User32ApiUtils.DeregisterHotKey(IntPtr, int)' should be defined in a class named NativeMethods, SafeNativeMethods, or UnsafeNativeMethods.</Issue>
            </Message>
           </Messages>
          </Member>
          <Member Name="#ExecuteMouseEvent(System.Int32,System.Int32,System.Int32,System.Int32,System.Int32)" Kind="Method" Static="True" Accessibility="Assembly" ExternallyVisible="False">
           <Messages>
            <Message TypeName="MovePInvokesToNativeMethodsClass" Category="Microsoft.Design" CheckId="CA1060" Status="Active" Created="2024-08-25 08:13:44Z" FixCategory="Breaking">
             <Issue Certainty="95" Level="CriticalWarning">Because it is a P/Invoke method, 'User32ApiUtils.ExecuteMouseEvent(int, int, int, int, int)' should be defined in a class named NativeMethods, SafeNativeMethods, or UnsafeNativeMethods.</Issue>
            </Message>
            <Message Id="4" TypeName="PInvokeDeclarationsShouldBePortable" Category="Microsoft.Portability" CheckId="CA1901" Status="Active" Created="2024-08-25 08:13:44Z" FixCategory="NonBreaking">
             <Issue Name="Parameter" Certainty="95" Level="Error">As it is declared in your code, parameter 'dwExtraInfo' of P/Invoke 'User32ApiUtils.ExecuteMouseEvent(int, int, int, int, int)' will be 4 bytes wide on 64-bit platforms. This is not correct, as the actual native declaration of this API indicates it should be 8 bytes wide on 64-bit platforms. Consult the MSDN Platform SDK documentation for help determining what data type should be used instead of 'int'.</Issue>
            </Message>
           </Messages>
          </Member>
          <Member Name="#RegisterHotKey(System.IntPtr,System.Int32,System.Int32,System.Int32)" Kind="Method" Static="True" Accessibility="Assembly" ExternallyVisible="False">
           <Messages>
            <Message TypeName="MarkBooleanPInvokeArgumentsWithMarshalAs" Category="Microsoft.Interoperability" CheckId="CA1414" Status="Active" Created="2024-08-25 08:13:44Z" FixCategory="Breaking">
             <Issue Name="Return" Certainty="95" Level="Warning">Add the MarshalAsAttribute to the return type of P/Invoke 'User32ApiUtils.RegisterHotKey(IntPtr, int, int, int)'. If the corresponding unmanaged return type is a 4-byte Win32 'BOOL', use MarshalAs(UnmanagedType.Bool). For a 1-byte C++ 'bool', use MarshalAs(UnmanagedType.U1).</Issue>
            </Message>
            <Message TypeName="MovePInvokesToNativeMethodsClass" Category="Microsoft.Design" CheckId="CA1060" Status="Active" Created="2024-08-25 08:13:44Z" FixCategory="Breaking">
             <Issue Certainty="95" Level="CriticalWarning">Because it is a P/Invoke method, 'User32ApiUtils.RegisterHotKey(IntPtr, int, int, int)' should be defined in a class named NativeMethods, SafeNativeMethods, or UnsafeNativeMethods.</Issue>
            </Message>
           </Messages>
          </Member>
          <Member Name="#SetCursorPosition(System.Int32,System.Int32)" Kind="Method" Static="True" Accessibility="Assembly" ExternallyVisible="False">
           <Messages>
            <Message TypeName="MarkBooleanPInvokeArgumentsWithMarshalAs" Category="Microsoft.Interoperability" CheckId="CA1414" Status="Active" Created="2024-08-25 08:13:44Z" FixCategory="Breaking">
             <Issue Name="Return" Certainty="95" Level="Warning">Add the MarshalAsAttribute to the return type of P/Invoke 'User32ApiUtils.SetCursorPosition(int, int)'. If the corresponding unmanaged return type is a 4-byte Win32 'BOOL', use MarshalAs(UnmanagedType.Bool). For a 1-byte C++ 'bool', use MarshalAs(UnmanagedType.U1).</Issue>
            </Message>
            <Message TypeName="MovePInvokesToNativeMethodsClass" Category="Microsoft.Design" CheckId="CA1060" Status="Active" Created="2024-08-25 08:13:44Z" FixCategory="Breaking">
             <Issue Certainty="95" Level="CriticalWarning">Because it is a P/Invoke method, 'User32ApiUtils.SetCursorPosition(int, int)' should be defined in a class named NativeMethods, SafeNativeMethods, or UnsafeNativeMethods.</Issue>
            </Message>
           </Messages>
          </Member>
         </Members>
        </Type>
       </Types>
      </Namespace>
      <Namespace Name="AutoClicker.Views">
       <Types>
        <Type Name="AboutWindow" Kind="Class" Accessibility="Public" ExternallyVisible="True">
         <Members>
          <Member Name="#.ctor()" Kind="Method" Static="False" Accessibility="Public" ExternallyVisible="True">
           <Messages>
            <Message Id="System.Windows.Documents.Run.set_Text(System.String)" TypeName="Do not pass literals as localized parameters" Category="Microsoft.Globalization" CheckId="CA1303" Status="Active" Created="2024-08-25 08:13:44Z" FixCategory="DependsOnFix">
             <Issue Name="KnownValue" Certainty="75" Level="Warning" Path="D:\Repositories\AutoClicker\AutoClicker\Views" File="AboutWindow.xaml.cs" Line="21">Method 'AboutWindow.AboutWindow()' passes a literal string as parameter 'value' of a call to 'Run.Text.set(string)'. Retrieve the following string(s) from a resource table instead: " v, .".</Issue>
            </Message>
           </Messages>
          </Member>
         </Members>
        </Type>
        <Type Name="CaptureMouseScreenCoordinatesWindow" Kind="Class" Accessibility="Public" ExternallyVisible="True">
         <Members>
          <Member Name="#OnCoordinatesCaptured" Kind="Event" Static="False" Accessibility="Public" ExternallyVisible="True">
           <Messages>
            <Message TypeName="DeclareEventHandlersCorrectly" Category="Microsoft.Design" CheckId="CA1009" Status="Active" Created="2024-08-25 08:13:44Z" FixCategory="Breaking">
             <Issue Name="Second" Certainty="95" Level="Error">Declare the second parameter of 'EventHandler&lt;Point&gt;' as an EventArgs, or an instance of a type that extends EventArgs, named 'e'.</Issue>
            </Message>
           </Messages>
          </Member>
         </Members>
        </Type>
        <Type Name="MainWindow" Kind="Class" Accessibility="Public" ExternallyVisible="True">
         <Messages>
          <Message TypeName="TypesThatOwnDisposableFieldsShouldBeDisposable" Category="Microsoft.Design" CheckId="CA1001" Status="Active" Created="2024-08-25 08:13:44Z" FixCategory="DependsOnFix">
           <Issue Name="DependsOnFix" Certainty="95" Level="CriticalError">Implement IDisposable on 'MainWindow' because it creates members of the following IDisposable types: 'Timer', 'SystemTrayMenu'. If 'MainWindow' has previously shipped, adding new members that implement IDisposable to this type is considered a breaking change to existing consumers.</Issue>
          </Message>
         </Messages>
         <Members>
          <Member Name="#InitializeSystemTrayMenu()" Kind="Method" Static="False" Accessibility="Private" ExternallyVisible="False">
           <Messages>
            <Message Id="System.Windows.Forms.NotifyIcon.set_Text(System.String)" TypeName="Do not pass literals as localized parameters" Category="Microsoft.Globalization" CheckId="CA1303" Status="Active" Created="2024-08-25 08:13:44Z" FixCategory="DependsOnFix">
             <Issue Name="KnownValue" Certainty="75" Level="Warning" Path="D:\Repositories\AutoClicker\AutoClicker\Views" File="MainWindow.xaml.cs" Line="296">Method 'MainWindow.InitializeSystemTrayMenu()' passes a literal string as parameter 'value' of a call to 'NotifyIcon.Text.set(string)'. Retrieve the following string(s) from a resource table instead: "AutoClicker".</Issue>
            </Message>
            <Message Id="AutoClicker" TypeName="Literals should be spelled correctly" Category="Microsoft.Naming" CheckId="CA2204" Status="Active" Created="2024-08-25 08:13:44Z" FixCategory="DependsOnFix">
             <Issue Certainty="75" Level="Warning" Path="D:\Repositories\AutoClicker\AutoClicker\Views" File="MainWindow.xaml.cs" Line="296">Correct the spelling of the unrecognized token 'AutoClicker' in the literal '"AutoClicker"'.</Issue>
            </Message>
           </Messages>
          </Member>
          <Member Name="#ResetTitle()" Kind="Method" Static="False" Accessibility="Private" ExternallyVisible="False">
           <Messages>
            <Message Id="System.Windows.Forms.NotifyIcon.set_Text(System.String)" TypeName="Do not pass literals as localized parameters" Category="Microsoft.Globalization" CheckId="CA1303" Status="Active" Created="2024-08-25 08:13:44Z" FixCategory="DependsOnFix">
             <Issue Name="KnownValue" Certainty="75" Level="Warning" Path="D:\Repositories\AutoClicker\AutoClicker\Views" File="MainWindow.xaml.cs" Line="283">Method 'MainWindow.ResetTitle()' passes a literal string as parameter 'value' of a call to 'NotifyIcon.Text.set(string)'. Retrieve the following string(s) from a resource table instead: "AutoClicker".</Issue>
            </Message>
            <Message Id="AutoClicker" TypeName="Literals should be spelled correctly" Category="Microsoft.Naming" CheckId="CA2204" Status="Active" Created="2024-08-25 08:13:44Z" FixCategory="DependsOnFix">
             <Issue Certainty="75" Level="Warning" Path="D:\Repositories\AutoClicker\AutoClicker\Views" File="MainWindow.xaml.cs" Line="283">Correct the spelling of the unrecognized token 'AutoClicker' in the literal '"AutoClicker"'.</Issue>
            </Message>
           </Messages>
          </Member>
          <Member Name="#StartCommand_Execute(System.Object,System.Windows.Input.ExecutedRoutedEventArgs)" Kind="Method" Static="False" Accessibility="Private" ExternallyVisible="False">
           <Messages>
            <Message Id="System.Windows.Forms.NotifyIcon.set_Text(System.String)" TypeName="Do not pass literals as localized parameters" Category="Microsoft.Globalization" CheckId="CA1303" Status="Active" Created="2024-08-25 08:13:44Z" FixCategory="DependsOnFix">
             <Issue Name="KnownValue" Certainty="75" Level="Warning" Path="D:\Repositories\AutoClicker\AutoClicker\Views" File="MainWindow.xaml.cs" Line="134">Method 'MainWindow.StartCommand_Execute(object, ExecutedRoutedEventArgs)' passes a literal string as parameter 'value' of a call to 'NotifyIcon.Text.set(string)'. Retrieve the following string(s) from a resource table instead: " - Running...".</Issue>
            </Message>
           </Messages>
          </Member>
         </Members>
        </Type>
        <Type Name="SettingsWindow" Kind="Class" Accessibility="Public" ExternallyVisible="True">
         <Members>
          <Member Name="#KeyMapping" Kind="Property" Static="False" Accessibility="Public" ExternallyVisible="True">
           <Messages>
            <Message TypeName="CollectionPropertiesShouldBeReadOnly" Category="Microsoft.Usage" CheckId="CA2227" Status="Active" Created="2024-08-25 08:13:44Z" FixCategory="Breaking">
             <Issue Certainty="75" Level="Warning" Path="D:\Repositories\AutoClicker\AutoClicker\Views" File="SettingsWindow.xaml.cs" Line="52">Change 'SettingsWindow.KeyMapping' to be read-only by removing the property setter.</Issue>
            </Message>
           </Messages>
          </Member>
         </Members>
        </Type>
        <Type Name="SystemTrayMenu" Kind="Class" Accessibility="Public" ExternallyVisible="True">
         <Messages>
          <Message TypeName="ImplementIDisposableCorrectly" Category="Microsoft.Design" CheckId="CA1063" Status="Active" Created="2024-08-25 08:13:44Z" FixCategory="Breaking">
           <Issue Name="ProvideDisposeBool" Certainty="95" Level="Error">Provide an overridable implementation of Dispose(bool) on 'SystemTrayMenu' or mark the type as sealed. A call to Dispose(false) should only clean up native resources. A call to Dispose(true) should clean up both managed and native resources.</Issue>
          </Message>
         </Messages>
         <Members>
          <Member Name="#Dispose()" Kind="Method" Static="False" Accessibility="Public" ExternallyVisible="True">
           <Messages>
            <Message TypeName="CallGCSuppressFinalizeCorrectly" Category="Microsoft.Usage" CheckId="CA1816" Status="Active" Created="2024-08-25 08:13:44Z" FixCategory="NonBreaking">
             <Issue Name="NotCalled" Certainty="75" Level="CriticalWarning" Path="D:\Repositories\AutoClicker\AutoClicker\Views" File="SystemTrayMenu.cs" Line="45">Change 'SystemTrayMenu.Dispose()' to call 'GC.SuppressFinalize(object)'. This will prevent derived types that introduce a finalizer from needing to re-implement 'IDisposable' to call it.</Issue>
            </Message>
            <Message TypeName="ImplementIDisposableCorrectly" Category="Microsoft.Design" CheckId="CA1063" Status="Active" Created="2024-08-25 08:13:44Z" FixCategory="Breaking">
             <Issue Name="DisposeImplementation" Certainty="95" Level="Error" Path="D:\Repositories\AutoClicker\AutoClicker\Views" File="SystemTrayMenu.cs" Line="45">Modify 'SystemTrayMenu.Dispose()' so that it calls Dispose(true), then calls GC.SuppressFinalize on the current object instance ('this' or 'Me' in Visual Basic), and then returns.</Issue>
            </Message>
           </Messages>
          </Member>
         </Members>
        </Type>
       </Types>
      </Namespace>
     </Namespaces>
    </Module>
   </Modules>
  </Target>
 </Targets>
 <Rules>
  <Rule TypeName="CallGCSuppressFinalizeCorrectly" Category="Microsoft.Usage" CheckId="CA1816">
   <Name>Call GC.SuppressFinalize correctly</Name>
   <Description>Call GC.SuppressFinalize to suppress finalization of your instance once Dispose has been called. Objects that implement IDisposable should call SuppressFinalize from the IDisposable.Dispose method to prevent the garbage collector from calling Object.Finalize on an object that does not require it.</Description>
   <Resolution Name="NotCalled">Change {0} to call {1}. This will prevent derived types that introduce a finalizer from needing to re-implement 'IDisposable' to call it.</Resolution>
   <Owner />
   <Url>http://msdn.microsoft.com/library/ms182269.aspx</Url>
   <Email>[none]</Email>
   <MessageLevel Certainty="75">CriticalWarning</MessageLevel>
   <File Name="usagerules.dll" Version="16.0.0.0" />
  </Rule>
  <Rule TypeName="CollectionPropertiesShouldBeReadOnly" Category="Microsoft.Usage" CheckId="CA2227">
   <Name>Collection properties should be read only</Name>
   <Description>Properties that return collections should be read-only so that users cannot entirely replace the backing store. Users can still modify the contents of the collection by calling relevant methods on the collection. Note that the XmlSerializer class has special support for deserializing read-only collections. See the XmlSerializer overview for more information.</Description>
   <Resolution Name="Default">Change {0} to be read-only by removing the property setter.</Resolution>
   <Owner />
   <Url>http://msdn.microsoft.com/library/ms182327.aspx</Url>
   <Email>[none]</Email>
   <MessageLevel Certainty="75">Warning</MessageLevel>
   <File Name="usagerules.dll" Version="16.0.0.0" />
  </Rule>
  <Rule TypeName="DeclareEventHandlersCorrectly" Category="Microsoft.Design" CheckId="CA1009">
   <Name>Declare event handlers correctly</Name>
   <Description>By convention, .NET events have two parameters that specify the event sender and event data. Event handler signatures should follow this form: void MyEventHandler(object sender, EventArgs e). The 'sender' parameter is always of type System.Object, even if it is possible to employ a more specific type. The 'e' parameter is always of type System.EventArgs. Events that do not provide event data should use the System.EventHandler delegate type. Event handlers return void so that they can send each event to multiple target methods. Any value returned by a target would be lost after the first call.</Description>
   <Resolution Name="Second">Declare the second parameter of {0} as an EventArgs, or an instance of a type that extends EventArgs, named 'e'.</Resolution>
   <Owner />
   <Url>http://msdn.microsoft.com/library/ms182133.aspx</Url>
   <Email>[none]</Email>
   <MessageLevel Certainty="95">Error</MessageLevel>
   <File Name="designrules.dll" Version="16.0.0.0" />
  </Rule>
  <Rule TypeName="Do not pass literals as localized parameters" Category="Microsoft.Globalization" CheckId="CA1303">
   <Name>Do not pass literals as localized parameters</Name>
   <Description>Literal strings that are embedded in source code are difficult to localize. Avoid passing literal strings as arguments in circumstances where a localized string is generally expected.</Description>
   <Resolution Name="KnownValue">Method {0} passes a literal string as parameter '{1}' of a call to {2}. Retrieve the following string(s) from a resource table instead: {3}.</Resolution>
   <Owner>RuleOwner</Owner>
   <Url>http://msdn.microsoft.com/library/ms182187.aspx</Url>
   <Email />
   <MessageLevel Certainty="75">Warning</MessageLevel>
   <File Name="dataflowrules.dll" Version="16.0.0.0" />
  </Rule>
  <Rule TypeName="DoNotDeclareReadOnlyMutableReferenceTypes" Category="Microsoft.Security" CheckId="CA2104">
   <Name>Do not declare read only mutable reference types</Name>
   <Description>A read-only declaration for a mutable reference type does not prevent the field's instance data from being modified. For example, a read-only StringBuilder field declaration does not make sense, since the data encapsulated by the StringBuilder can be modified using the read-only reference.</Description>
   <Resolution Name="Default">Remove the read-only designation from {0} or change the field to one that is an immutable reference type. If the reference type {1} is, in fact, immutable, exclude this message.</Resolution>
   <Owner />
   <Url>http://msdn.microsoft.com/library/ms182302.aspx</Url>
   <Email>[none]</Email>
   <MessageLevel Certainty="25">Error</MessageLevel>
   <File Name="securityrules.dll" Version="16.0.0.0" />
  </Rule>
  <Rule TypeName="ImplementIDisposableCorrectly" Category="Microsoft.Design" CheckId="CA1063">
   <Name>Implement IDisposable correctly</Name>
   <Description>All IDisposable types should implement the Dispose pattern correctly.</Description>
   <Resolution Name="DisposeImplementation">Modify {0} so that it calls Dispose(true), then calls GC.SuppressFinalize on the current object instance ('this' or 'Me' in Visual Basic), and then returns.</Resolution>
   <Resolution Name="ProvideDisposeBool">Provide an overridable implementation of Dispose(bool) on {0} or mark the type as sealed. A call to Dispose(false) should only clean up native resources. A call to Dispose(true) should clean up both managed and native resources.</Resolution>
   <Owner />
   <Url>http://msdn.microsoft.com/library/ms244737.aspx</Url>
   <Email>[none]</Email>
   <MessageLevel Certainty="95">Error</MessageLevel>
   <File Name="designrules.dll" Version="16.0.0.0" />
  </Rule>
  <Rule TypeName="Literals should be spelled correctly" Category="Microsoft.Naming" CheckId="CA2204">
   <Name>Literals should be spelled correctly</Name>
   <Description>This rule parses the literal string into words, tokenizing compound words, and checks the spelling of each word/token.</Description>
   <Resolution Name="Default">Correct the spelling of the unrecognized token '{0}' in the literal '{1}'.</Resolution>
   <Owner>RuleOwner</Owner>
   <Url>http://msdn.microsoft.com/library/bb264488.aspx</Url>
   <Email />
   <MessageLevel Certainty="75">Warning</MessageLevel>
   <File Name="dataflowrules.dll" Version="16.0.0.0" />
  </Rule>
  <Rule TypeName="MarkBooleanPInvokeArgumentsWithMarshalAs" Category="Microsoft.Interoperability" CheckId="CA1414">
   <Name>Mark boolean P/Invoke arguments with MarshalAs</Name>
   <Description>All boolean P/Invoke parameters and return types should be explicitly marked with the MarshalAs attribute. By default, the system will marshal all booleans as 4-byte UnmanagedType.Bool. This is the correct behavior for Win32 'BOOL' arguments but incorrect for C++ 'bool' arguments, which should be marshaled as 1-byte UnmanagedType.U1. For code maintainability reasons, always explicitly specify the marshaling information for boolean arguments and return values.</Description>
   <Resolution Name="Return">Add the MarshalAsAttribute to the return type of P/Invoke {0}. If the corresponding unmanaged return type is a 4-byte Win32 'BOOL', use MarshalAs(UnmanagedType.Bool). For a 1-byte C++ 'bool', use MarshalAs(UnmanagedType.U1).</Resolution>
   <Owner />
   <Url>http://msdn.microsoft.com/library/ms182206.aspx</Url>
   <Email>[none]</Email>
   <MessageLevel Certainty="95">Warning</MessageLevel>
   <File Name="interoperabilityrules.dll" Version="16.0.0.0" />
  </Rule>
  <Rule TypeName="MovePInvokesToNativeMethodsClass" Category="Microsoft.Design" CheckId="CA1060">
   <Name>Move P/Invokes to NativeMethods class</Name>
   <Description>This type contains members with the DllImport attribute. Members with the DllImport attribute should be contained in classes named NativeMethods, SafeNativeMethods, or UnsafeNativeMethods.</Description>
   <Resolution Name="Default">Because it is a P/Invoke method, {0} should be defined in a class named NativeMethods, SafeNativeMethods, or UnsafeNativeMethods.</Resolution>
   <Owner />
   <Url>http://msdn.microsoft.com/library/ms182161.aspx</Url>
   <Email>[none]</Email>
   <MessageLevel Certainty="95">CriticalWarning</MessageLevel>
   <File Name="designrules.dll" Version="16.0.0.0" />
  </Rule>
  <Rule TypeName="PInvokeDeclarationsShouldBePortable" Category="Microsoft.Portability" CheckId="CA1901">
   <Name>P/Invoke declarations should be portable</Name>
   <Description>.</Description>
   <Resolution Name="Parameter">As it is declared in your code, parameter {0} of P/Invoke {1} will be {2} bytes wide on {3} platforms. This is not correct, as the actual native declaration of this API indicates it should be {4} bytes wide on {3} platforms. Consult the MSDN Platform SDK documentation for help determining what data type should be used instead of {5}.</Resolution>
   <Owner />
   <Url>http://msdn.microsoft.com/library/ms182284(VS.100).aspx</Url>
   <Email>[none]</Email>
   <MessageLevel Certainty="95">Error</MessageLevel>
   <File Name="portabilityrules.dll" Version="16.0.0.0" />
  </Rule>
  <Rule TypeName="TypesThatOwnDisposableFieldsShouldBeDisposable" Category="Microsoft.Design" CheckId="CA1001">
   <Name>Types that own disposable fields should be disposable</Name>
   <Description>Types that declare disposable members should also implement IDisposable. If the type does not own any unmanaged resources, do not implement a finalizer on it.</Description>
   <Resolution Name="DependsOnFix">Implement IDisposable on {0} because it creates members of the following IDisposable types: {1}. If {0} has previously shipped, adding new members that implement IDisposable to this type is considered a breaking change to existing consumers.</Resolution>
   <Owner />
   <Url>http://msdn.microsoft.com/library/ms182172.aspx</Url>
   <Email>[none]</Email>
   <MessageLevel Certainty="95">CriticalError</MessageLevel>
   <File Name="designrules.dll" Version="16.0.0.0" />
  </Rule>
  <Rule TypeName="UriReturnValuesShouldNotBeStrings" Category="Microsoft.Design" CheckId="CA1055">
   <Name>URI return values should not be strings</Name>
   <Description>If a function name contains "uri" or "url" or "urn" and the return type is string, the return type should be changed to System.Uri.</Description>
   <Resolution Name="Default">Change the return type of {0} from string to System.Uri.</Resolution>
   <Owner />
   <Url>http://msdn.microsoft.com/library/ms182176.aspx</Url>
   <Email>[none]</Email>
   <MessageLevel Certainty="60">Error</MessageLevel>
   <File Name="designrules.dll" Version="16.0.0.0" />
  </Rule>
 </Rules>
 <Localized>
  <String Key="Category">Category</String>
  <String Key="Certainty">Certainty</String>
  <String Key="CollapseAll">Collapse All</String>
  <String Key="CheckId">Check Id</String>
  <String Key="Error">Error</String>
  <String Key="Errors">error(s)</String>
  <String Key="ExpandAll">Expand All</String>
  <String Key="Help">Help</String>
  <String Key="Line">Line</String>
  <String Key="Messages">message(s)</String>
  <String Key="LocationNotStoredInPdb">[Location not stored in Pdb]</String>
  <String Key="Project">Project</String>
  <String Key="Resolution">Resolution</String>
  <String Key="Rule">Rule</String>
  <String Key="RuleFile">Rule File</String>
  <String Key="RuleDescription">Rule Description</String>
  <String Key="Source">Source</String>
  <String Key="Status">Status</String>
  <String Key="Target">Target</String>
  <String Key="Warning">Warning</String>
  <String Key="Warnings">warning(s)</String>
  <String Key="ReportTitle">Code Analysis Report</String>
 </Localized>
</FxCopReport>
